{"cameraMode":{"drawMode":0,"name":"Shaded","section":"Shading Mode"},"sceneLighting":true,"audioPlay":false,"sceneViewState":{"showFog":true,"showMaterialUpdate":false,"showSkybox":true,"showFlares":true,"showImageEffects":true,"showParticleSystems":true},"in2DMode":false,"pivot":{"x":-141.73216247558595,"y":-0.5954680442810059,"z":-77.2157974243164},"rotation":{"x":-0.12371194362640381,"y":0.7070106863975525,"z":-0.12778621912002564,"w":-0.6844720840454102},"size":8.113062858581543,"orthographic":false}